{
  "initialization_time_control": 0.17125487327575684,
  "execution_time_control": 81.54150605201721,
  "total_time": 81.71276092529297
}