{
  "initialization_time_control": 0.13308334350585938,
  "execution_time_control": 69.25843167304993,
  "total_time": 69.39151501655579
}