{
  "initialization_time_control": 0.12452340126037598,
  "execution_time_control": 54.61719083786011,
  "total_time": 54.74171423912048
}