{
  "initialization_time_control": 0.16991591453552246,
  "execution_time_control": 76.52504777908325,
  "total_time": 76.69496369361877
}