{
  "initialization_time_control": 0.17242836952209473,
  "execution_time_control": 1350.1698169708252,
  "total_time": 1350.3422453403473
}