{
  "initialization_time_control": 0.1267399787902832,
  "execution_time_control": 75.97965979576111,
  "total_time": 76.10639977455139
}