{
  "initialization_time_control": 0.13326549530029297,
  "execution_time_control": 110.42131853103638,
  "total_time": 110.55458402633667
}