{
  "initialization_time_control": 0.11945152282714844,
  "execution_time_control": 71.72523093223572,
  "total_time": 71.84468245506287
}