{
  "initialization_time_control": 0.3045966625213623,
  "execution_time_control": 6628.899736166,
  "total_time": 6629.204332828522
}