{
  "initialization_time_control": 0.4254593849182129,
  "execution_time_control": 247.81174325942993,
  "total_time": 248.23720264434814
}