{
  "initialization_time_control": 0.12056660652160645,
  "execution_time_control": 74.27171754837036,
  "total_time": 74.39228415489197
}