{
  "initialization_time_planning": 0.1713087558746338,
  "execution_time_planning": 80.76213264465332,
  "total_time": 80.93344140052795
}