{
  "initialization_time_planning": 0.12833452224731445,
  "execution_time_planning": 81.53536462783813,
  "total_time": 81.66369915008545
}