{
  "initialization_time_planning": 0.18660569190979004,
  "execution_time_planning": 76.89277505874634,
  "total_time": 77.07938075065613
}